day,Temperature,Humidity,Insolation,week,TempDiff,activity,EnergyConsumption
2021-01-01,-4.61 ,64.92 ,0.87 ,6.00 ,-20.61 ,1.00 ,210.5
2021-01-02,-4.73 ,39.13 ,1.03 ,7.00 ,-20.73 ,1.00 ,394
2021-01-03,-5.63 ,44.42 ,0.80 ,1.00 ,-21.63 ,1.00 ,528.5
2021-01-04,-3.77 ,48.88 ,0.68 ,2.00 ,-19.77 ,0.00 ,231
2021-01-05,-4.84 ,54.25 ,0.95 ,3.00 ,-20.84 ,1.00 ,535.5
2021-01-06,-7.36 ,53.88 ,1.07 ,4.00 ,-23.36 ,1.00 ,555
2021-01-07,-13.82 ,51.21 ,0.85 ,5.00 ,-29.82 ,1.00 ,528.5
2021-01-08,-14.95 ,44.63 ,1.13 ,6.00 ,-30.95 ,1.00 ,531.5
2021-01-09,-12.38 ,45.00 ,1.05 ,7.00 ,-28.38 ,1.00 ,501
2021-01-10,-8.07 ,53.71 ,0.89 ,1.00 ,-24.07 ,1.00 ,473.5
2021-01-11,-6.75 ,62.29 ,0.41 ,2.00 ,-22.75 ,0.00 ,223.5
2021-01-12,-4.37 ,76.96 ,0.56 ,3.00 ,-20.37 ,1.00 ,443.5
2021-01-13,1.68 ,83.21 ,0.75 ,4.00 ,-14.32 ,1.00 ,464.5
2021-01-14,1.61 ,48.25 ,0.93 ,5.00 ,-14.39 ,1.00 ,443
2021-01-15,4.67 ,64.71 ,0.19 ,6.00 ,-11.33 ,1.00 ,458.5
2021-01-16,-4.33 ,59.54 ,1.08 ,7.00 ,-20.33 ,1.00 ,441
2021-01-17,-6.02 ,55.42 ,0.98 ,1.00 ,-22.02 ,1.00 ,451
2021-01-18,-3.26 ,67.29 ,0.41 ,2.00 ,-19.26 ,0.00 ,205
2021-01-19,-6.55 ,38.71 ,1.13 ,3.00 ,-22.55 ,1.00 ,446.5
2021-01-20,-0.69 ,38.46 ,1.08 ,4.00 ,-16.69 ,1.00 ,449
2021-01-21,4.32 ,59.00 ,0.25 ,5.00 ,-11.68 ,1.00 ,454.5
2021-01-22,5.50 ,93.29 ,0.21 ,6.00 ,-10.50 ,1.00 ,478.5
2021-01-23,7.53 ,68.21 ,0.88 ,7.00 ,-8.47 ,1.00 ,438
2021-01-24,7.41 ,62.92 ,1.13 ,1.00 ,-8.59 ,1.00 ,437
2021-01-25,7.83 ,62.13 ,0.98 ,2.00 ,-8.18 ,0.00 ,194.5
2021-01-26,5.77 ,79.00 ,0.18 ,3.00 ,-10.23 ,1.00 ,455.5
2021-01-27,1.88 ,50.29 ,1.13 ,4.00 ,-14.13 ,1.00 ,496.5
2021-01-28,-1.78 ,53.42 ,0.56 ,5.00 ,-17.78 ,1.00 ,453.5
2021-01-29,-8.81 ,39.63 ,1.31 ,6.00 ,-24.81 ,1.00 ,449
2021-01-30,-1.98 ,57.79 ,0.95 ,7.00 ,-17.98 ,1.00 ,432
2021-01-31,2.54 ,57.75 ,0.99 ,1.00 ,-13.46 ,1.00 ,445.5
2021-02-01,5.88 ,76.17 ,0.53 ,2.00 ,-10.13 ,0.00 ,194.5
2021-02-02,-5.10 ,44.63 ,1.34 ,3.00 ,-21.10 ,1.00 ,457
2021-02-03,-3.86 ,61.17 ,1.06 ,4.00 ,-19.86 ,1.00 ,463.5
2021-02-04,-3.12 ,52.71 ,1.39 ,5.00 ,-19.12 ,1.00 ,328.5
2021-02-05,0.68 ,70.42 ,0.72 ,6.00 ,-15.32 ,1.00 ,500.5
2021-02-06,6.55 ,79.71 ,0.40 ,7.00 ,-9.45 ,1.00 ,469.5
2021-02-07,4.42 ,68.88 ,0.95 ,1.00 ,-11.58 ,1.00 ,441
2021-02-08,-2.90 ,44.42 ,1.33 ,2.00 ,-18.90 ,0.00 ,215
2021-02-09,-1.25 ,49.79 ,1.29 ,3.00 ,-17.25 ,1.00 ,468
2021-02-10,2.91 ,73.92 ,0.51 ,4.00 ,-13.09 ,1.00 ,444
2021-02-11,5.63 ,72.50 ,0.94 ,5.00 ,-10.38 ,1.00 ,130.5
2021-02-12,6.45 ,61.88 ,1.23 ,6.00 ,-9.55 ,1.00 ,125.5
2021-02-13,7.36 ,51.25 ,1.20 ,7.00 ,-8.64 ,1.00 ,181
2021-02-14,9.35 ,46.25 ,0.60 ,1.00 ,-6.65 ,1.00 ,379.5
2021-02-15,2.54 ,65.12 ,0.81 ,2.00 ,-13.46 ,0.00 ,186
2021-02-16,-4.93 ,59.92 ,0.61 ,3.00 ,-20.93 ,1.00 ,530.5
2021-02-17,-8.16 ,44.50 ,1.44 ,4.00 ,-24.16 ,1.00 ,556
2021-02-18,-6.05 ,44.29 ,1.42 ,5.00 ,-22.05 ,1.00 ,520
2021-02-19,0.73 ,64.08 ,1.23 ,6.00 ,-15.28 ,1.00 ,531
2021-02-20,8.59 ,61.71 ,1.27 ,7.00 ,-7.41 ,1.00 ,478.5
2021-02-21,10.63 ,65.79 ,1.28 ,1.00 ,-5.37 ,1.00 ,480.5
2021-02-22,8.47 ,60.67 ,1.09 ,2.00 ,-7.53 ,0.00 ,201.5
2021-02-23,0.19 ,33.88 ,1.46 ,3.00 ,-15.81 ,1.00 ,523
2021-02-24,2.58 ,32.46 ,1.34 ,4.00 ,-13.42 ,1.00 ,515
2021-02-25,4.03 ,36.17 ,0.44 ,5.00 ,-11.97 ,1.00 ,523
2021-02-26,7.88 ,33.71 ,1.52 ,6.00 ,-8.13 ,1.00 ,500
2021-02-27,9.45 ,49.00 ,1.50 ,7.00 ,-6.55 ,1.00 ,429.5
2021-02-28,7.65 ,49.17 ,0.59 ,1.00 ,-8.35 ,1.00 ,463.5
2021-03-01,5.31 ,87.46 ,0.12 ,2.00 ,-10.69 ,0.00 ,176
2021-03-02,2.30 ,76.50 ,1.08 ,3.00 ,-13.70 ,1.00 ,501
2021-03-03,4.08 ,66.38 ,1.38 ,4.00 ,-11.92 ,1.00 ,507.5
2021-03-04,7.00 ,62.13 ,0.82 ,5.00 ,-9.00 ,1.00 ,528
2021-03-05,-2.52 ,58.92 ,0.78 ,6.00 ,-18.52 ,1.00 ,462.5
2021-03-06,6.90 ,71.13 ,0.98 ,7.00 ,-9.10 ,1.00 ,508.5
2021-03-07,6.11 ,61.83 ,1.40 ,1.00 ,-9.89 ,1.00 ,451.5
2021-03-08,6.97 ,60.08 ,1.47 ,2.00 ,-9.03 ,0.00 ,178
2021-03-09,6.63 ,56.71 ,1.20 ,3.00 ,-9.37 ,1.00 ,477.5
2021-03-10,8.58 ,63.08 ,1.47 ,4.00 ,-7.43 ,1.00 ,500
2021-03-11,9.99 ,53.08 ,1.28 ,5.00 ,-6.01 ,1.00 ,475
2021-03-12,10.67 ,54.92 ,0.57 ,6.00 ,-5.33 ,1.00 ,463
2021-03-13,9.13 ,62.50 ,1.14 ,7.00 ,-6.87 ,1.00 ,434.5
2021-03-14,9.18 ,71.46 ,1.38 ,1.00 ,-6.83 ,1.00 ,405
2021-03-15,10.36 ,66.29 ,0.98 ,2.00 ,-5.64 ,0.00 ,192
2021-03-16,8.86 ,55.38 ,1.63 ,3.00 ,-7.14 ,1.00 ,450.5
2021-03-17,8.63 ,45.04 ,1.60 ,4.00 ,-7.37 ,1.00 ,498.5
2021-03-18,11.26 ,50.63 ,1.28 ,5.00 ,-4.74 ,1.00 ,518.5
2021-03-19,15.04 ,47.75 ,1.47 ,6.00 ,-0.96 ,1.00 ,452.5
2021-03-20,10.42 ,71.67 ,0.15 ,7.00 ,-5.58 ,1.00 ,437.5
2021-03-21,6.03 ,69.38 ,0.80 ,1.00 ,-9.98 ,1.00 ,497
2021-03-22,9.60 ,62.44 ,1.55 ,2.00 ,-6.40 ,0.00 ,132
2021-03-23,8.74 ,64.29 ,1.61 ,3.00 ,-7.26 ,1.00 ,532
2021-03-24,10.63 ,60.38 ,1.50 ,4.00 ,-5.37 ,1.00 ,534
2021-03-25,12.09 ,67.58 ,1.60 ,5.00 ,-3.91 ,1.00 ,581.5
2021-03-26,12.01 ,62.00 ,1.31 ,6.00 ,-3.99 ,1.00 ,561.5
2021-03-27,11.94 ,67.75 ,0.29 ,7.00 ,-4.06 ,1.00 ,486
2021-03-28,9.35 ,95.96 ,0.18 ,1.00 ,-6.65 ,1.00 ,566
2021-03-29,10.39 ,64.67 ,1.40 ,2.00 ,-5.61 ,0.00 ,177.5
2021-03-30,10.61 ,48.42 ,1.89 ,3.00 ,-5.39 ,1.00 ,475
2021-03-31,14.08 ,41.04 ,1.79 ,4.00 ,-1.92 ,1.00 ,530
2021-04-01,17.54 ,34.04 ,1.61 ,5.00 ,1.54 ,1.00 ,456
2021-04-02,17.48 ,35.71 ,1.18 ,6.00 ,1.48 ,1.00 ,408
2021-04-03,15.54 ,77.29 ,0.15 ,7.00 ,-0.46 ,1.00 ,432
2021-04-04,12.02 ,68.96 ,0.99 ,1.00 ,-3.98 ,1.00 ,518.5
2021-04-05,11.77 ,48.50 ,1.99 ,2.00 ,-4.23 ,0.00 ,195.5
2021-04-06,13.83 ,49.67 ,1.80 ,3.00 ,-2.18 ,1.00 ,428.5
2021-04-07,13.94 ,50.17 ,1.75 ,4.00 ,-2.06 ,1.00 ,476
2021-04-08,13.05 ,34.96 ,1.85 ,5.00 ,-2.95 ,1.00 ,432
2021-04-09,13.48 ,38.29 ,1.81 ,6.00 ,-2.52 ,1.00 ,445
2021-04-10,12.69 ,49.04 ,1.70 ,7.00 ,-3.31 ,1.00 ,442.5
2021-04-11,14.50 ,46.50 ,1.61 ,1.00 ,-1.50 ,1.00 ,442.5
2021-04-12,13.95 ,66.92 ,0.39 ,2.00 ,-2.05 ,0.00 ,467.5
2021-04-13,10.99 ,76.42 ,1.07 ,3.00 ,-5.01 ,1.00 ,711
2021-04-14,8.08 ,57.25 ,1.82 ,4.00 ,-7.92 ,1.00 ,575.5
2021-04-15,11.32 ,62.54 ,1.65 ,5.00 ,-4.68 ,1.00 ,465
2021-04-16,11.44 ,59.88 ,0.57 ,6.00 ,-4.56 ,1.00 ,441
2021-04-17,9.47 ,57.21 ,0.91 ,7.00 ,-6.53 ,1.00 ,411.5
2021-04-18,9.89 ,62.83 ,1.80 ,1.00 ,-6.11 ,1.00 ,414
2021-04-19,11.95 ,66.25 ,1.75 ,2.00 ,-4.05 ,0.00 ,261.5
2021-04-20,14.53 ,57.25 ,1.65 ,3.00 ,-1.47 ,1.00 ,465
2021-04-21,18.75 ,44.21 ,1.67 ,4.00 ,2.75 ,1.00 ,424.5
2021-04-22,20.79 ,38.08 ,1.05 ,5.00 ,4.79 ,1.00 ,380
2021-04-23,19.06 ,42.75 ,0.56 ,6.00 ,3.06 ,1.00 ,438.5
2021-04-24,18.30 ,40.75 ,0.91 ,7.00 ,2.30 ,1.00 ,376
2021-04-25,18.08 ,51.63 ,1.81 ,1.00 ,2.08 ,1.00 ,429.5
2021-04-26,16.38 ,49.92 ,1.44 ,2.00 ,0.37 ,0.00 ,166
2021-04-27,15.30 ,60.96 ,0.69 ,3.00 ,-0.70 ,1.00 ,341
2021-04-28,14.55 ,67.17 ,1.07 ,4.00 ,-1.45 ,1.00 ,431
2021-04-29,14.89 ,51.17 ,1.07 ,5.00 ,-1.11 ,1.00 ,408.5
2021-04-30,11.34 ,82.42 ,0.63 ,6.00 ,-4.66 ,1.00 ,411
2021-05-01,10.53 ,80.08 ,0.79 ,7.00 ,-5.48 ,1.00 ,376.5
2021-05-02,12.21 ,69.83 ,1.85 ,1.00 ,-3.79 ,1.00 ,406.5
2021-05-03,13.93 ,58.58 ,1.85 ,2.00 ,-2.07 ,0.00 ,268.5
2021-05-04,13.63 ,79.29 ,0.25 ,3.00 ,-2.37 ,1.00 ,432.5
2021-05-05,14.13 ,66.46 ,1.89 ,4.00 ,-1.88 ,1.00 ,425.5
2021-05-06,15.38 ,48.50 ,1.59 ,5.00 ,-0.62 ,1.00 ,393.5
2021-05-07,14.67 ,58.29 ,1.14 ,6.00 ,-1.33 ,1.00 ,430.5
2021-05-08,14.13 ,66.88 ,1.53 ,7.00 ,-1.87 ,1.00 ,402
2021-05-09,15.69 ,51.79 ,2.03 ,1.00 ,-0.31 ,1.00 ,400.5
2021-05-10,13.33 ,67.46 ,0.31 ,2.00 ,-2.67 ,0.00 ,175.5
2021-05-11,18.02 ,52.25 ,1.81 ,3.00 ,2.02 ,1.00 ,364
2021-05-12,21.75 ,37.54 ,1.77 ,4.00 ,5.75 ,1.00 ,391.5
2021-05-13,22.77 ,53.79 ,1.82 ,5.00 ,6.77 ,1.00 ,492
2021-05-14,23.95 ,60.21 ,1.63 ,6.00 ,7.95 ,1.00 ,480
2021-05-15,22.06 ,77.67 ,0.63 ,7.00 ,6.06 ,1.00 ,526
2021-05-16,18.85 ,97.38 ,0.20 ,1.00 ,2.85 ,1.00 ,544.5
2021-05-17,15.28 ,92.88 ,0.35 ,2.00 ,-0.72 ,0.00 ,211
2021-05-18,17.83 ,74.25 ,1.61 ,3.00 ,1.83 ,1.00 ,561.5
2021-05-19,19.53 ,52.42 ,2.00 ,4.00 ,3.53 ,1.00 ,481.5
2021-05-20,19.05 ,56.21 ,0.45 ,5.00 ,3.05 ,1.00 ,413
2021-05-21,15.97 ,86.54 ,0.49 ,6.00 ,-0.03 ,1.00 ,404.5
2021-05-22,18.58 ,70.63 ,1.91 ,7.00 ,2.58 ,1.00 ,434
2021-05-23,19.49 ,65.38 ,1.29 ,1.00 ,3.49 ,1.00 ,439.5
2021-05-24,19.54 ,59.00 ,1.79 ,2.00 ,3.54 ,0.00 ,144.5
2021-05-25,15.64 ,70.71 ,1.29 ,3.00 ,-0.36 ,1.00 ,451.5
2021-05-26,17.64 ,60.83 ,1.20 ,4.00 ,1.64 ,1.00 ,404.5
2021-05-27,16.15 ,80.50 ,0.34 ,5.00 ,0.15 ,1.00 ,404
2021-05-28,15.08 ,86.79 ,0.75 ,6.00 ,-0.92 ,1.00 ,417.5
2021-05-29,15.65 ,78.54 ,0.70 ,7.00 ,-0.35 ,1.00 ,426
2021-05-30,18.03 ,72.63 ,1.96 ,1.00 ,2.03 ,1.00 ,367.5
2021-05-31,19.69 ,80.38 ,0.83 ,2.00 ,3.69 ,0.00 ,264
2021-06-01,20.30 ,75.13 ,0.87 ,3.00 ,4.30 ,1.00 ,354.5
2021-06-02,23.01 ,65.46 ,1.79 ,4.00 ,7.01 ,1.00 ,461
2021-06-03,19.71 ,80.13 ,0.34 ,5.00 ,3.71 ,1.00 ,461.5
2021-06-04,18.13 ,70.75 ,1.93 ,6.00 ,2.13 ,1.00 ,462.5
2021-06-05,20.68 ,67.04 ,1.54 ,7.00 ,4.68 ,1.00 ,517.5
2021-06-06,22.75 ,70.83 ,1.56 ,1.00 ,6.75 ,1.00 ,569.5
2021-06-07,21.14 ,71.75 ,0.47 ,2.00 ,5.14 ,0.00 ,201.5
2021-06-08,23.43 ,69.75 ,1.42 ,3.00 ,7.43 ,1.00 ,680.5
2021-06-09,25.57 ,59.96 ,1.65 ,4.00 ,9.57 ,1.00 ,641
2021-06-10,25.30 ,65.04 ,0.94 ,5.00 ,9.30 ,1.00 ,617.5
2021-06-11,21.53 ,84.33 ,0.67 ,6.00 ,5.53 ,1.00 ,647
2021-06-12,23.88 ,75.46 ,1.79 ,7.00 ,7.88 ,1.00 ,660.5
2021-06-13,24.92 ,72.75 ,1.77 ,1.00 ,8.92 ,1.00 ,790
2021-06-14,24.63 ,70.21 ,1.49 ,2.00 ,8.63 ,0.00 ,207.5
2021-06-15,22.63 ,79.13 ,0.51 ,3.00 ,6.63 ,1.00 ,784.5
2021-06-16,24.37 ,60.54 ,1.82 ,4.00 ,8.37 ,1.00 ,690
2021-06-17,21.88 ,70.00 ,0.64 ,5.00 ,5.88 ,1.00 ,709.5
2021-06-18,20.11 ,91.21 ,0.30 ,6.00 ,4.11 ,1.00 ,777
2021-06-19,22.26 ,74.29 ,1.76 ,7.00 ,6.26 ,1.00 ,799.5
2021-06-20,22.89 ,73.17 ,1.72 ,1.00 ,6.89 ,1.00 ,673
2021-06-21,23.48 ,68.46 ,1.71 ,2.00 ,7.48 ,0.00 ,501.5
2021-06-22,23.17 ,65.75 ,1.35 ,3.00 ,7.17 ,1.00 ,704
2021-06-23,22.20 ,70.83 ,1.30 ,4.00 ,6.20 ,1.00 ,727
2021-06-24,22.86 ,72.17 ,1.19 ,5.00 ,6.86 ,1.00 ,678
2021-06-25,24.03 ,68.17 ,1.65 ,6.00 ,8.03 ,1.00 ,907
2021-06-26,22.87 ,78.58 ,0.95 ,7.00 ,6.87 ,1.00 ,790
2021-06-27,24.18 ,72.88 ,1.50 ,1.00 ,8.18 ,1.00 ,959
2021-06-28,23.59 ,77.54 ,0.90 ,2.00 ,7.59 ,0.00 ,141
2021-06-29,23.82 ,78.88 ,0.94 ,3.00 ,7.82 ,1.00 ,814.5
2021-06-30,24.13 ,79.38 ,1.08 ,4.00 ,8.13 ,1.00 ,845.5
2021-07-01,26.18 ,71.42 ,1.37 ,5.00 ,10.18 ,1.00 ,871
2021-07-02,27.08 ,64.50 ,1.48 ,6.00 ,11.08 ,1.00 ,821.5
2021-07-03,23.06 ,77.29 ,0.50 ,7.00 ,7.06 ,1.00 ,505.5
2021-07-04,21.28 ,97.46 ,0.18 ,1.00 ,5.28 ,1.00 ,906
2021-07-05,23.06 ,81.17 ,0.84 ,2.00 ,7.06 ,0.00 ,151.5
2021-07-06,25.14 ,74.54 ,1.28 ,3.00 ,9.14 ,1.00 ,899.5
2021-07-07,26.30 ,77.00 ,0.79 ,4.00 ,10.30 ,1.00 ,895.5
2021-07-08,25.96 ,83.50 ,0.94 ,5.00 ,9.96 ,1.00 ,886
2021-07-09,25.41 ,77.63 ,0.97 ,6.00 ,9.41 ,1.00 ,849
2021-07-10,25.81 ,78.67 ,1.16 ,7.00 ,9.81 ,1.00 ,908
2021-07-11,25.75 ,86.58 ,0.50 ,1.00 ,9.75 ,1.00 ,785.5
2021-07-12,27.89 ,75.88 ,1.27 ,2.00 ,11.89 ,0.00 ,147
2021-07-13,28.69 ,76.00 ,0.77 ,3.00 ,12.69 ,1.00 ,954.5
2021-07-14,29.67 ,71.58 ,1.50 ,4.00 ,13.67 ,1.00 ,1024.5
2021-07-15,29.34 ,71.13 ,1.52 ,5.00 ,13.34 ,1.00 ,962
2021-07-16,28.69 ,68.17 ,1.78 ,6.00 ,12.69 ,1.00 ,873.5
2021-07-17,28.80 ,63.83 ,1.51 ,7.00 ,12.80 ,1.00 ,205
2021-07-18,29.63 ,62.17 ,1.56 ,1.00 ,13.63 ,1.00 ,246.5
2021-07-19,26.84 ,77.46 ,0.67 ,2.00 ,10.84 ,0.00 ,178.5
2021-07-20,27.62 ,77.25 ,0.97 ,3.00 ,11.62 ,1.00 ,935.5
2021-07-21,30.33 ,65.38 ,1.61 ,4.00 ,14.33 ,1.00 ,1038
2021-07-22,31.14 ,59.88 ,1.85 ,5.00 ,15.14 ,1.00 ,1009
2021-07-23,31.28 ,61.08 ,1.79 ,6.00 ,15.28 ,1.00 ,999.5
2021-07-24,31.60 ,58.92 ,1.85 ,7.00 ,15.60 ,1.00 ,977.5
2021-07-25,31.50 ,55.83 ,1.84 ,1.00 ,15.50 ,1.00 ,946.5
2021-07-26,31.30 ,55.13 ,1.95 ,2.00 ,15.30 ,0.00 ,174.5
2021-07-27,31.00 ,60.08 ,1.15 ,3.00 ,15.00 ,1.00 ,1033.5
2021-07-28,30.30 ,66.92 ,1.09 ,4.00 ,14.30 ,1.00 ,1024.5
2021-07-29,29.74 ,70.29 ,0.99 ,5.00 ,13.74 ,1.00 ,1068
2021-07-30,30.31 ,63.13 ,1.46 ,6.00 ,14.31 ,1.00 ,1051.5
2021-07-31,29.80 ,70.67 ,1.41 ,7.00 ,13.80 ,1.00 ,997.5
2021-08-01,27.31 ,81.00 ,0.44 ,1.00 ,11.31 ,1.00 ,1027.5
2021-08-02,26.43 ,83.50 ,0.56 ,2.00 ,10.43 ,0.00 ,181
2021-08-03,27.70 ,77.67 ,0.88 ,3.00 ,11.70 ,1.00 ,1048.5
2021-08-04,29.02 ,70.58 ,1.30 ,4.00 ,13.02 ,1.00 ,1051.5
2021-08-05,29.21 ,68.25 ,1.37 ,5.00 ,13.21 ,1.00 ,1090
2021-08-06,28.18 ,69.08 ,1.21 ,6.00 ,12.18 ,1.00 ,1045.5
2021-08-07,27.85 ,66.21 ,1.57 ,7.00 ,11.85 ,1.00 ,1022.5
2021-08-08,26.80 ,75.33 ,0.79 ,1.00 ,10.80 ,1.00 ,1025
2021-08-09,28.13 ,63.42 ,1.65 ,2.00 ,12.13 ,0.00 ,273.5
2021-08-10,27.75 ,62.25 ,1.34 ,3.00 ,11.75 ,1.00 ,1012
2021-08-11,27.33 ,70.17 ,1.10 ,4.00 ,11.33 ,1.00 ,994.5
2021-08-12,26.94 ,67.96 ,0.99 ,5.00 ,10.94 ,1.00 ,984
2021-08-13,26.41 ,70.79 ,0.80 ,6.00 ,10.41 ,1.00 ,914
2021-08-14,26.26 ,64.58 ,1.04 ,7.00 ,10.26 ,1.00 ,942
2021-08-15,26.82 ,59.63 ,1.55 ,1.00 ,10.82 ,1.00 ,964
2021-08-16,27.28 ,61.04 ,1.55 ,2.00 ,11.28 ,0.00 ,197
2021-08-17,26.23 ,63.50 ,1.17 ,3.00 ,10.23 ,1.00 ,999
2021-08-18,24.27 ,71.29 ,1.19 ,4.00 ,8.27 ,1.00 ,1012
2021-08-19,25.76 ,58.13 ,1.40 ,5.00 ,9.76 ,1.00 ,1030.5
2021-08-20,26.74 ,61.92 ,1.15 ,6.00 ,10.74 ,1.00 ,1014
2021-08-21,23.79 ,87.08 ,0.42 ,7.00 ,7.79 ,1.00 ,804.5
2021-08-22,24.44 ,81.92 ,0.58 ,1.00 ,8.44 ,1.00 ,1019
2021-08-23,22.57 ,89.17 ,0.25 ,2.00 ,6.57 ,0.00 ,312
2021-08-24,23.13 ,93.96 ,0.31 ,3.00 ,7.13 ,1.00 ,872.5
2021-08-25,24.88 ,86.46 ,0.60 ,4.00 ,8.88 ,1.00 ,966
2021-08-26,25.29 ,85.50 ,0.54 ,5.00 ,9.29 ,1.00 ,1015
2021-08-27,22.91 ,83.79 ,0.20 ,6.00 ,6.91 ,1.00 ,585.5
2021-08-28,23.28 ,81.08 ,1.03 ,7.00 ,7.28 ,1.00 ,762.5
2021-08-29,23.77 ,81.96 ,0.69 ,1.00 ,7.77 ,1.00 ,630
2021-08-30,24.19 ,78.33 ,0.89 ,2.00 ,8.19 ,0.00 ,557.5
2021-08-31,20.70 ,91.38 ,0.17 ,3.00 ,4.70 ,1.00 ,744.5
2021-09-01,21.13 ,85.13 ,0.52 ,4.00 ,5.13 ,1.00 ,678
2021-09-02,23.32 ,70.38 ,0.95 ,5.00 ,7.32 ,1.00 ,607
2021-09-03,24.51 ,61.50 ,1.90 ,6.00 ,8.51 ,1.00 ,686.5
2021-09-04,23.12 ,57.71 ,1.58 ,7.00 ,7.12 ,1.00 ,534.5
2021-09-05,22.96 ,60.17 ,1.22 ,1.00 ,6.96 ,1.00 ,489
2021-09-06,22.55 ,67.17 ,0.92 ,2.00 ,6.55 ,0.00 ,248.5
2021-09-07,19.40 ,98.04 ,0.14 ,3.00 ,3.40 ,1.00 ,573
2021-09-08,22.23 ,82.08 ,1.40 ,4.00 ,6.23 ,1.00 ,320
2021-09-09,23.42 ,77.04 ,1.45 ,5.00 ,7.42 ,1.00 ,594
2021-09-10,23.60 ,75.71 ,1.30 ,6.00 ,7.60 ,1.00 ,637
2021-09-11,23.93 ,73.63 ,1.50 ,7.00 ,7.93 ,1.00 ,664.5
2021-09-12,24.25 ,64.46 ,1.70 ,1.00 ,8.25 ,1.00 ,661
2021-09-13,24.61 ,67.58 ,1.35 ,2.00 ,8.61 ,0.00 ,327
2021-09-14,24.66 ,63.54 ,1.68 ,3.00 ,8.66 ,1.00 ,585
2021-09-15,23.69 ,57.63 ,1.74 ,4.00 ,7.69 ,1.00 ,603
2021-09-16,22.78 ,60.58 ,1.55 ,5.00 ,6.78 ,1.00 ,661
2021-09-17,23.51 ,62.04 ,1.39 ,6.00 ,7.51 ,1.00 ,568.5
2021-09-18,23.73 ,64.38 ,1.52 ,7.00 ,7.73 ,1.00 ,566.5
2021-09-19,23.80 ,64.17 ,1.07 ,1.00 ,7.80 ,1.00 ,487.5
2021-09-20,23.44 ,63.58 ,1.53 ,2.00 ,7.44 ,0.00 ,168
2021-09-21,22.43 ,82.42 ,0.91 ,3.00 ,6.43 ,1.00 ,170.5
2021-09-22,20.17 ,80.25 ,1.15 ,4.00 ,4.17 ,1.00 ,168
2021-09-23,20.73 ,67.54 ,1.39 ,5.00 ,4.73 ,1.00 ,551
2021-09-24,21.71 ,67.92 ,1.41 ,6.00 ,5.71 ,1.00 ,483
2021-09-25,21.06 ,72.71 ,0.55 ,7.00 ,5.06 ,1.00 ,432.5
2021-09-26,22.60 ,64.46 ,1.39 ,1.00 ,6.60 ,1.00 ,526
2021-09-27,21.49 ,65.38 ,0.87 ,2.00 ,5.49 ,0.00 ,303
2021-09-28,21.46 ,73.71 ,0.71 ,3.00 ,5.46 ,1.00 ,508
2021-09-29,20.31 ,93.71 ,0.22 ,4.00 ,4.31 ,1.00 ,615
2021-09-30,20.26 ,84.25 ,1.32 ,5.00 ,4.26 ,1.00 ,483
2021-10-01,21.25 ,75.25 ,1.42 ,6.00 ,5.25 ,1.00 ,585.5
2021-10-02,20.49 ,77.50 ,1.30 ,7.00 ,4.49 ,1.00 ,515.5
2021-10-03,22.19 ,71.04 ,1.34 ,1.00 ,6.19 ,1.00 ,620
2021-10-04,22.52 ,79.33 ,0.23 ,2.00 ,6.52 ,0.00 ,132
2021-10-05,23.85 ,82.08 ,0.62 ,3.00 ,7.85 ,1.00 ,584
2021-10-06,19.03 ,92.04 ,0.25 ,4.00 ,3.03 ,1.00 ,509
2021-10-07,19.53 ,85.25 ,0.37 ,5.00 ,3.53 ,1.00 ,546
2021-10-08,18.67 ,91.00 ,0.22 ,6.00 ,2.67 ,1.00 ,514.5
2021-10-09,20.77 ,83.46 ,0.54 ,7.00 ,4.77 ,1.00 ,500
2021-10-10,20.23 ,89.33 ,0.24 ,1.00 ,4.23 ,1.00 ,483.5
2021-10-11,15.08 ,79.67 ,0.65 ,2.00 ,-0.92 ,0.00 ,141.5
2021-10-12,17.93 ,67.08 ,0.89 ,3.00 ,1.93 ,1.00 ,484.5
2021-10-13,19.45 ,66.04 ,1.44 ,4.00 ,3.45 ,1.00 ,414.5
2021-10-14,19.80 ,73.71 ,1.07 ,5.00 ,3.80 ,1.00 ,426.5
2021-10-15,19.04 ,74.79 ,0.60 ,6.00 ,3.04 ,1.00 ,496
2021-10-16,11.67 ,48.79 ,0.73 ,7.00 ,-4.33 ,1.00 ,447
2021-10-17,5.58 ,38.33 ,1.56 ,1.00 ,-10.42 ,1.00 ,309.5
2021-10-18,9.10 ,56.63 ,1.01 ,2.00 ,-6.90 ,0.00 ,210
2021-10-19,11.21 ,74.83 ,1.11 ,3.00 ,-4.79 ,1.00 ,439
2021-10-20,9.51 ,64.54 ,1.39 ,4.00 ,-6.49 ,1.00 ,438.5
2021-10-21,9.70 ,63.67 ,0.43 ,5.00 ,-6.30 ,1.00 ,529.5
2021-10-22,10.78 ,59.58 ,1.37 ,6.00 ,-5.22 ,1.00 ,538
2021-10-23,11.39 ,57.17 ,1.35 ,7.00 ,-4.61 ,1.00 ,511
2021-10-24,11.25 ,63.96 ,1.33 ,1.00 ,-4.75 ,1.00 ,483.5
2021-10-25,11.61 ,64.50 ,0.98 ,2.00 ,-4.39 ,0.00 ,155.5
2021-10-26,12.73 ,73.75 ,1.09 ,3.00 ,-3.27 ,1.00 ,474.5
2021-10-27,13.64 ,65.42 ,1.23 ,4.00 ,-2.36 ,1.00 ,524
2021-10-28,12.61 ,54.33 ,1.30 ,5.00 ,-3.39 ,1.00 ,470
2021-10-29,14.50 ,54.79 ,1.18 ,6.00 ,-1.50 ,1.00 ,408
2021-10-30,13.81 ,61.92 ,0.53 ,7.00 ,-2.19 ,1.00 ,419
2021-10-31,14.04 ,72.00 ,1.02 ,1.00 ,-1.96 ,1.00 ,297.5
2021-11-01,13.01 ,77.63 ,0.94 ,2.00 ,-2.99 ,0.00 ,160.5
2021-11-02,11.55 ,75.96 ,1.06 ,3.00 ,-4.45 ,1.00 ,440.5
2021-11-03,11.90 ,70.75 ,1.10 ,4.00 ,-4.10 ,1.00 ,444
2021-11-04,12.25 ,79.58 ,0.63 ,5.00 ,-3.75 ,1.00 ,458
2021-11-05,12.93 ,70.00 ,1.16 ,6.00 ,-3.08 ,1.00 ,437.5
2021-11-06,14.05 ,61.67 ,1.16 ,7.00 ,-1.95 ,1.00 ,354.5
2021-11-07,15.01 ,57.96 ,1.11 ,1.00 ,-0.99 ,1.00 ,392
2021-11-08,9.49 ,79.83 ,0.23 ,2.00 ,-6.51 ,0.00 ,327
2021-11-09,4.99 ,81.79 ,0.31 ,3.00 ,-11.01 ,1.00 ,578
2021-11-10,4.04 ,72.79 ,0.80 ,4.00 ,-11.96 ,1.00 ,648
2021-11-11,5.38 ,61.83 ,0.88 ,5.00 ,-10.63 ,1.00 ,636.5
2021-11-12,4.53 ,56.54 ,1.22 ,6.00 ,-11.47 ,1.00 ,627.5
2021-11-13,6.75 ,65.17 ,0.90 ,7.00 ,-9.25 ,1.00 ,619.5
2021-11-14,11.24 ,69.08 ,0.96 ,1.00 ,-4.76 ,1.00 ,469
2021-11-15,10.18 ,71.75 ,1.04 ,2.00 ,-5.83 ,0.00 ,197
2021-11-16,8.69 ,66.67 ,1.10 ,3.00 ,-7.31 ,1.00 ,565
2021-11-17,7.40 ,64.08 ,1.00 ,4.00 ,-8.60 ,1.00 ,636.5
2021-11-18,11.42 ,69.33 ,0.52 ,5.00 ,-4.58 ,1.00 ,709
2021-11-19,13.10 ,84.08 ,0.45 ,6.00 ,-2.90 ,1.00 ,571.5
2021-11-20,10.45 ,78.92 ,0.78 ,7.00 ,-5.55 ,1.00 ,544
2021-11-21,10.65 ,73.38 ,0.30 ,1.00 ,-5.35 ,1.00 ,552
2021-11-22,3.37 ,64.25 ,0.82 ,2.00 ,-12.63 ,0.00 ,235.5
2021-11-23,-0.55 ,60.63 ,0.76 ,3.00 ,-16.55 ,1.00 ,607.5
2021-11-24,3.54 ,63.75 ,0.72 ,4.00 ,-12.46 ,1.00 ,592
2021-11-25,5.95 ,56.50 ,0.93 ,5.00 ,-10.05 ,1.00 ,642.5
2021-11-26,2.92 ,56.29 ,0.69 ,6.00 ,-13.08 ,1.00 ,552.5
2021-11-27,3.30 ,53.63 ,1.08 ,7.00 ,-12.70 ,1.00 ,526.5
2021-11-28,4.80 ,52.83 ,1.00 ,1.00 ,-11.20 ,1.00 ,488
2021-11-29,7.43 ,59.42 ,0.68 ,2.00 ,-8.57 ,0.00 ,220
2021-11-30,6.29 ,81.42 ,0.08 ,3.00 ,-9.71 ,1.00 ,588.5
2021-12-01,-1.00 ,51.46 ,1.11 ,4.00 ,-17.00 ,1.00 ,562.5
2021-12-02,0.76 ,66.29 ,0.59 ,5.00 ,-15.24 ,1.00 ,620.5
2021-12-03,2.28 ,55.00 ,1.08 ,6.00 ,-13.72 ,1.00 ,548.5
2021-12-04,1.23 ,49.83 ,0.95 ,7.00 ,-14.77 ,1.00 ,554
2021-12-05,2.80 ,49.04 ,1.01 ,1.00 ,-13.20 ,1.00 ,591
2021-12-06,5.15 ,59.88 ,0.85 ,2.00 ,-10.85 ,0.00 ,174
2021-12-07,6.98 ,67.08 ,0.85 ,3.00 ,-9.02 ,1.00 ,504
2021-12-08,6.76 ,70.04 ,0.96 ,4.00 ,-9.24 ,1.00 ,479
2021-12-09,6.23 ,70.25 ,0.45 ,5.00 ,-9.77 ,1.00 ,506
2021-12-10,7.18 ,79.63 ,0.12 ,6.00 ,-8.82 ,1.00 ,515
2021-12-11,6.01 ,84.46 ,0.67 ,7.00 ,-9.99 ,1.00 ,494
2021-12-12,1.86 ,64.50 ,0.88 ,1.00 ,-14.14 ,1.00 ,410.5
2021-12-13,-2.40 ,43.67 ,1.04 ,2.00 ,-18.40 ,0.00 ,396
2021-12-14,3.23 ,61.50 ,0.55 ,3.00 ,-12.78 ,1.00 ,623.5
2021-12-15,7.23 ,85.79 ,0.37 ,4.00 ,-8.78 ,1.00 ,607
2021-12-16,6.45 ,72.25 ,0.69 ,5.00 ,-9.55 ,1.00 ,612.5
2021-12-17,-4.48 ,50.67 ,1.00 ,6.00 ,-20.48 ,1.00 ,605
2021-12-18,-6.39 ,59.83 ,0.62 ,7.00 ,-22.39 ,1.00 ,615.5
2021-12-19,-0.86 ,65.50 ,0.80 ,1.00 ,-16.86 ,1.00 ,644
2021-12-20,4.66 ,76.33 ,0.78 ,2.00 ,-11.34 ,0.00 ,379
2021-12-21,5.69 ,74.04 ,0.72 ,3.00 ,-10.31 ,1.00 ,653
2021-12-22,2.14 ,46.42 ,0.93 ,4.00 ,-13.86 ,1.00 ,641
2021-12-23,2.57 ,54.33 ,0.80 ,5.00 ,-13.43 ,1.00 ,617.5
2021-12-24,0.53 ,66.71 ,0.19 ,6.00 ,-15.48 ,1.00 ,564.5
2021-12-25,-11.19 ,42.67 ,1.06 ,7.00 ,-27.19 ,1.00 ,459
2021-12-26,-12.24 ,42.96 ,1.05 ,1.00 ,-28.24 ,1.00 ,381
2021-12-27,-8.03 ,57.92 ,0.55 ,2.00 ,-24.03 ,0.00 ,216.5
2021-12-28,-4.35 ,74.21 ,0.39 ,3.00 ,-20.35 ,1.00 ,559.5
2021-12-29,0.41 ,73.54 ,0.42 ,4.00 ,-15.59 ,1.00 ,504.5
2021-12-30,-3.57 ,49.63 ,0.83 ,5.00 ,-19.57 ,1.00 ,469
2021-12-31,-6.48 ,35.54 ,1.06 ,6.00 ,-22.48 ,1.00 ,481
2022-01-01,-4.76 ,44.25 ,0.94 ,7.00 ,-20.76 ,1.00 ,191.5
2022-01-02,-1.15 ,58.88 ,0.77 ,1.00 ,-17.15 ,1.00 ,443.5
2022-01-03,-2.39 ,56.08 ,0.85 ,2.00 ,-18.39 ,0.00 ,253
2022-01-04,-1.97 ,55.00 ,1.03 ,3.00 ,-17.97 ,1.00 ,478.5
2022-01-05,-3.07 ,46.38 ,0.56 ,4.00 ,-19.07 ,1.00 ,515
2022-01-06,-1.88 ,47.04 ,1.02 ,5.00 ,-17.88 ,1.00 ,491
2022-01-07,-1.63 ,47.08 ,1.01 ,6.00 ,-17.63 ,1.00 ,503.5
2022-01-08,-0.23 ,62.33 ,0.33 ,7.00 ,-16.23 ,1.00 ,469.5
2022-01-09,1.75 ,72.33 ,0.65 ,1.00 ,-14.25 ,1.00 ,557
2022-01-10,0.34 ,66.42 ,0.66 ,2.00 ,-15.66 ,0.00 ,640.5
2022-01-11,-6.53 ,57.50 ,1.08 ,3.00 ,-22.53 ,1.00 ,675.5
2022-01-12,-7.87 ,49.08 ,1.08 ,4.00 ,-23.87 ,1.00 ,509.5
2022-01-13,-6.30 ,45.04 ,1.08 ,5.00 ,-22.30 ,1.00 ,525.5
2022-01-14,-5.18 ,42.33 ,1.10 ,6.00 ,-21.18 ,1.00 ,552
2022-01-15,-1.41 ,47.25 ,0.34 ,7.00 ,-17.41 ,1.00 ,642.5
2022-01-16,-1.23 ,54.63 ,1.09 ,1.00 ,-17.23 ,1.00 ,597
2022-01-17,-5.65 ,58.46 ,0.73 ,2.00 ,-21.65 ,0.00 ,722
2022-01-18,-5.77 ,47.83 ,1.13 ,3.00 ,-21.77 ,1.00 ,771.5
2022-01-19,-5.15 ,70.46 ,0.19 ,4.00 ,-21.15 ,1.00 ,891.5
2022-01-20,-5.02 ,64.75 ,1.12 ,5.00 ,-21.02 ,1.00 ,891.5
2022-01-21,-2.75 ,55.96 ,1.16 ,6.00 ,-18.75 ,1.00 ,823.5
2022-01-22,-0.03 ,52.63 ,0.88 ,7.00 ,-16.03 ,1.00 ,715
2022-01-23,2.03 ,50.96 ,0.70 ,1.00 ,-13.98 ,1.00 ,724
2022-01-24,4.41 ,56.58 ,0.79 ,2.00 ,-11.59 ,0.00 ,374
2022-01-25,3.04 ,78.29 ,0.15 ,3.00 ,-12.96 ,1.00 ,763.5
2022-01-26,1.56 ,65.13 ,1.05 ,4.00 ,-14.44 ,1.00 ,748.5
2022-01-27,-0.79 ,49.79 ,1.07 ,5.00 ,-16.79 ,1.00 ,699.5
2022-01-28,-2.51 ,51.08 ,1.24 ,6.00 ,-18.51 ,1.00 ,681.5
2022-01-29,-3.63 ,48.83 ,1.28 ,7.00 ,-19.63 ,1.00 ,680
2022-01-30,-2.95 ,44.75 ,1.28 ,1.00 ,-18.95 ,1.00 ,699.5
2022-01-31,-1.12 ,56.50 ,1.04 ,2.00 ,-17.12 ,0.00 ,424.5
2022-02-01,-1.04 ,77.38 ,0.82 ,3.00 ,-17.04 ,1.00 ,414.5
2022-02-02,-3.32 ,62.63 ,1.33 ,4.00 ,-19.32 ,1.00 ,418
2022-02-03,-3.30 ,53.00 ,1.35 ,5.00 ,-19.30 ,1.00 ,718
2022-02-04,-4.93 ,52.29 ,1.18 ,6.00 ,-20.93 ,1.00 ,678.5
2022-02-05,-6.60 ,48.58 ,1.30 ,7.00 ,-22.60 ,1.00 ,644
2022-02-06,-3.98 ,51.17 ,1.24 ,1.00 ,-19.98 ,1.00 ,639.5
2022-02-07,-2.74 ,50.75 ,0.87 ,2.00 ,-18.74 ,0.00 ,0
2022-02-08,-0.14 ,53.29 ,1.21 ,3.00 ,-16.14 ,1.00 ,669.5
2022-02-09,0.90 ,53.79 ,1.07 ,4.00 ,-15.10 ,1.00 ,693
2022-02-10,1.60 ,55.17 ,1.24 ,5.00 ,-14.40 ,1.00 ,685.5
2022-02-11,2.74 ,61.75 ,1.11 ,6.00 ,-13.26 ,1.00 ,578.5
2022-02-12,4.83 ,53.08 ,1.26 ,7.00 ,-11.18 ,1.00 ,446
2022-02-13,4.96 ,41.46 ,0.77 ,1.00 ,-11.04 ,1.00 ,582
2022-02-14,2.69 ,68.83 ,0.59 ,2.00 ,-13.31 ,0.00 ,342
2022-02-15,-4.07 ,58.56 ,0.83 ,3.00 ,-20.07 ,1.00 ,672.5
2022-02-16,-7.22 ,50.04 ,1.36 ,4.00 ,-23.22 ,1.00 ,701.5
2022-02-17,-6.48 ,42.33 ,1.43 ,5.00 ,-22.48 ,1.00 ,691.5
2022-02-18,-1.70 ,40.63 ,1.33 ,6.00 ,-17.70 ,1.00 ,738
2022-02-19,-1.09 ,52.00 ,0.77 ,7.00 ,-17.09 ,1.00 ,612.5
2022-02-20,-4.87 ,41.88 ,1.51 ,1.00 ,-20.87 ,1.00 ,612.5
2022-02-21,-2.96 ,53.75 ,0.95 ,2.00 ,-18.96 ,0.00 ,390
2022-02-22,-4.33 ,43.46 ,1.30 ,3.00 ,-20.33 ,1.00 ,645
2022-02-23,-5.74 ,39.13 ,1.57 ,4.00 ,-21.74 ,1.00 ,653.5
2022-02-24,-2.81 ,49.00 ,1.54 ,5.00 ,-18.81 ,1.00 ,621.5
2022-02-25,2.34 ,76.67 ,1.03 ,6.00 ,-13.66 ,1.00 ,639
2022-02-26,5.78 ,79.67 ,0.47 ,7.00 ,-10.22 ,1.00 ,587.5
2022-02-27,3.51 ,56.96 ,1.55 ,1.00 ,-12.49 ,1.00 ,650.5
2022-02-28,6.53 ,63.54 ,0.88 ,2.00 ,-9.47 ,0.00 ,416
2022-03-01,6.25 ,70.92 ,0.54 ,3.00 ,-9.75 ,1.00 ,590
2022-03-02,3.08 ,54.42 ,1.63 ,4.00 ,-12.92 ,1.00 ,582.5
2022-03-03,5.80 ,55.42 ,1.60 ,5.00 ,-10.20 ,1.00 ,606.5
2022-03-04,6.84 ,58.71 ,0.89 ,6.00 ,-9.16 ,1.00 ,572
2022-03-05,-3.93 ,43.63 ,0.79 ,7.00 ,-19.93 ,1.00 ,566.5
2022-03-06,1.38 ,38.63 ,1.62 ,1.00 ,-14.62 ,1.00 ,595.5
2022-03-07,2.49 ,45.75 ,1.15 ,2.00 ,-13.51 ,0.00 ,354
2022-03-08,5.87 ,53.33 ,1.26 ,3.00 ,-10.13 ,1.00 ,543
2022-03-09,7.06 ,69.13 ,1.45 ,4.00 ,-8.94 ,1.00 ,348
2022-03-10,9.11 ,52.17 ,1.29 ,5.00 ,-6.89 ,1.00 ,487.5
2022-03-11,10.90 ,57.75 ,1.11 ,6.00 ,-5.10 ,1.00 ,618.5
2022-03-12,12.61 ,70.21 ,0.99 ,7.00 ,-3.39 ,1.00 ,564.5
2022-03-13,11.75 ,95.71 ,0.16 ,1.00 ,-4.25 ,1.00 ,574.5
2022-03-14,8.65 ,90.63 ,0.17 ,2.00 ,-7.35 ,0.00 ,258.5
2022-03-15,7.14 ,73.25 ,1.35 ,3.00 ,-8.86 ,1.00 ,562.5
2022-03-16,9.78 ,63.79 ,1.36 ,4.00 ,-6.22 ,1.00 ,558.5
2022-03-17,10.88 ,62.29 ,0.73 ,5.00 ,-5.12 ,1.00 ,0
2022-03-18,7.63 ,61.54 ,0.40 ,6.00 ,-8.38 ,1.00 ,510
2022-03-19,3.69 ,83.50 ,0.38 ,7.00 ,-12.31 ,1.00 ,576
2022-03-20,5.39 ,68.00 ,1.21 ,1.00 ,-10.61 ,1.00 ,576
2022-03-21,4.69 ,49.63 ,1.28 ,2.00 ,-11.31 ,0.00 ,481
2022-03-22,7.00 ,63.46 ,0.52 ,3.00 ,-9.00 ,1.00 ,606.5
2022-03-23,6.20 ,57.88 ,0.54 ,4.00 ,-9.80 ,1.00 ,679.5
2022-03-24,7.90 ,69.79 ,0.49 ,5.00 ,-8.10 ,1.00 ,607.5
2022-03-25,11.73 ,68.00 ,0.70 ,6.00 ,-4.27 ,1.00 ,565.5
2022-03-26,11.82 ,85.25 ,0.49 ,7.00 ,-4.18 ,1.00 ,0
2022-03-27,8.34 ,51.13 ,1.71 ,1.00 ,-7.66 ,1.00 ,401
2022-03-28,8.15 ,35.29 ,1.90 ,2.00 ,-7.85 ,0.00 ,234
2022-03-29,9.42 ,50.25 ,1.79 ,3.00 ,-6.58 ,1.00 ,440
2022-03-30,10.63 ,75.75 ,0.59 ,4.00 ,-5.37 ,1.00 ,472.5
2022-03-31,11.13 ,66.21 ,1.08 ,5.00 ,-4.87 ,1.00 ,485
2022-04-01,9.26 ,51.83 ,1.80 ,6.00 ,-6.74 ,1.00 ,541.5
2022-04-02,8.23 ,53.79 ,1.85 ,7.00 ,-7.77 ,1.00 ,504.5
2022-04-03,9.45 ,55.92 ,1.87 ,1.00 ,-6.55 ,1.00 ,559.5
2022-04-04,10.23 ,51.63 ,1.90 ,2.00 ,-5.77 ,0.00 ,293.5
2022-04-05,10.10 ,41.08 ,1.63 ,3.00 ,-5.90 ,1.00 ,564.5
2022-04-06,11.72 ,52.00 ,1.66 ,4.00 ,-4.28 ,1.00 ,544.5
2022-04-07,11.14 ,42.17 ,1.74 ,5.00 ,-4.86 ,1.00 ,556.5
2022-04-08,12.44 ,51.13 ,1.78 ,6.00 ,-3.56 ,1.00 ,579
2022-04-09,17.47 ,43.21 ,1.53 ,7.00 ,1.47 ,1.00 ,495
2022-04-10,18.13 ,45.79 ,1.73 ,1.00 ,2.13 ,1.00 ,472
2022-04-11,19.38 ,58.75 ,1.72 ,2.00 ,3.38 ,0.00 ,246.5
2022-04-12,19.60 ,76.92 ,1.30 ,3.00 ,3.60 ,1.00 ,1.42109E-14
2022-04-13,13.45 ,72.38 ,0.29 ,4.00 ,-2.55 ,1.00 ,554.5
2022-04-14,13.17 ,52.58 ,0.63 ,5.00 ,-2.83 ,1.00 ,502.5
2022-04-15,13.30 ,47.92 ,1.75 ,6.00 ,-2.70 ,1.00 ,549
2022-04-16,13.25 ,46.83 ,1.78 ,7.00 ,-2.75 ,1.00 ,437.5
2022-04-17,13.80 ,55.38 ,1.73 ,1.00 ,-2.20 ,1.00 ,196
2022-04-18,15.17 ,46.75 ,1.37 ,2.00 ,-0.83 ,0.00 ,440
2022-04-19,15.13 ,52.04 ,1.68 ,3.00 ,-0.87 ,1.00 ,576
2022-04-20,15.65 ,49.71 ,1.75 ,4.00 ,-0.35 ,1.00 ,576
2022-04-21,16.06 ,47.42 ,1.30 ,5.00 ,0.06 ,1.00 ,518
2022-04-22,15.13 ,75.33 ,0.20 ,6.00 ,-0.87 ,1.00 ,509
2022-04-23,17.39 ,59.54 ,1.56 ,7.00 ,1.39 ,1.00 ,464.5
2022-04-24,18.65 ,70.21 ,1.36 ,1.00 ,2.65 ,1.00 ,505
2022-04-25,19.76 ,81.38 ,0.54 ,2.00 ,3.76 ,0.00 ,419
2022-04-26,22.05 ,62.25 ,1.66 ,3.00 ,6.05 ,1.00 ,513.5
2022-04-27,17.92 ,31.00 ,1.79 ,4.00 ,1.92 ,1.00 ,459
2022-04-28,17.96 ,43.50 ,1.49 ,5.00 ,1.96 ,1.00 ,549.5
2022-04-29,13.73 ,71.04 ,0.87 ,6.00 ,-2.27 ,1.00 ,537.5
2022-04-30,13.05 ,67.13 ,0.83 ,7.00 ,-2.95 ,1.00 ,459.5
2022-05-01,13.40 ,54.42 ,1.83 ,1.00 ,-2.60 ,1.00 ,423
2022-05-02,14.08 ,58.75 ,1.74 ,2.00 ,-1.92 ,0.00 ,175.5
2022-05-03,14.79 ,47.46 ,1.87 ,3.00 ,-1.21 ,1.00 ,451.5
2022-05-04,17.56 ,44.00 ,1.81 ,4.00 ,1.56 ,1.00 ,435
2022-05-05,18.80 ,46.46 ,1.96 ,5.00 ,2.80 ,1.00 ,430
2022-05-06,19.47 ,66.29 ,1.71 ,6.00 ,3.47 ,1.00 ,530
2022-05-07,18.59 ,56.83 ,1.50 ,7.00 ,2.59 ,1.00 ,532
2022-05-08,15.73 ,48.42 ,0.41 ,1.00 ,-0.27 ,1.00 ,467
2022-05-09,17.58 ,58.21 ,1.95 ,2.00 ,1.58 ,0.00 ,184.5
2022-05-10,19.71 ,40.21 ,1.85 ,3.00 ,3.71 ,1.00 ,523
2022-05-11,19.75 ,48.71 ,1.72 ,4.00 ,3.75 ,1.00 ,557
2022-05-12,20.67 ,52.92 ,1.83 ,5.00 ,4.67 ,1.00 ,542.5
2022-05-13,19.76 ,45.08 ,1.33 ,6.00 ,3.76 ,1.00 ,534.5
2022-05-14,15.91 ,46.21 ,1.51 ,7.00 ,-0.09 ,1.00 ,529.5
2022-05-15,16.16 ,39.13 ,2.00 ,1.00 ,0.16 ,1.00 ,218
2022-05-16,17.15 ,54.17 ,1.93 ,2.00 ,1.15 ,0.00 ,599.5
2022-05-17,19.85 ,60.21 ,1.84 ,3.00 ,3.85 ,1.00 ,586
2022-05-18,19.88 ,60.75 ,1.05 ,4.00 ,3.88 ,1.00 ,596.5
2022-05-19,19.96 ,54.00 ,1.40 ,5.00 ,3.96 ,1.00 ,557
2022-05-20,20.65 ,51.46 ,1.72 ,6.00 ,4.65 ,1.00 ,557
2022-05-21,20.26 ,70.00 ,1.66 ,7.00 ,4.26 ,1.00 ,557
2022-05-22,20.05 ,71.04 ,1.62 ,1.00 ,4.05 ,1.00 ,546.5
2022-05-23,22.85 ,64.75 ,1.73 ,2.00 ,6.85 ,0.00 ,233.5
2022-05-24,22.85 ,57.50 ,1.92 ,3.00 ,6.85 ,1.00 ,563.5
2022-05-25,21.18 ,65.42 ,1.51 ,4.00 ,5.18 ,1.00 ,614.5
2022-05-26,18.64 ,61.29 ,1.93 ,5.00 ,2.64 ,1.00 ,575
2022-05-27,19.95 ,62.08 ,1.91 ,6.00 ,3.95 ,1.00 ,578.5
2022-05-28,22.09 ,56.13 ,1.83 ,7.00 ,6.09 ,1.00 ,564.5
2022-05-29,23.10 ,65.00 ,1.43 ,1.00 ,7.10 ,1.00 ,580
2022-05-30,21.08 ,72.92 ,0.65 ,2.00 ,5.08 ,0.00 ,225.5
2022-05-31,20.50 ,44.79 ,1.83 ,3.00 ,4.50 ,1.00 ,576
2022-06-01,22.27 ,39.67 ,2.05 ,4.00 ,6.27 ,1.00 ,217.5
2022-06-02,21.38 ,66.08 ,1.81 ,5.00 ,5.38 ,1.00 ,710.5
2022-06-03,24.10 ,63.88 ,1.81 ,6.00 ,8.10 ,1.00 ,668
2022-06-04,25.34 ,58.58 ,1.21 ,7.00 ,9.34 ,1.00 ,762
2022-06-05,23.08 ,57.96 ,0.54 ,1.00 ,7.08 ,1.00 ,592.5
2022-06-06,19.99 ,69.50 ,1.40 ,2.00 ,3.99 ,0.00 ,474
2022-06-07,20.42 ,54.42 ,1.16 ,3.00 ,4.42 ,1.00 ,591.5
2022-06-08,21.05 ,60.38 ,1.13 ,4.00 ,5.05 ,1.00 ,554.5
2022-06-09,20.88 ,75.83 ,0.71 ,5.00 ,4.88 ,1.00 ,565.5
2022-06-10,20.90 ,76.13 ,1.03 ,6.00 ,4.90 ,1.00 ,564.5
2022-06-11,24.56 ,60.54 ,1.77 ,7.00 ,8.56 ,1.00 ,557.5
2022-06-12,24.62 ,57.29 ,1.63 ,1.00 ,8.62 ,1.00 ,589.5
2022-06-13,23.56 ,70.67 ,1.38 ,2.00 ,7.56 ,0.00 ,201.5
2022-06-14,21.81 ,55.04 ,1.24 ,3.00 ,5.81 ,1.00 ,760
2022-06-15,17.43 ,90.63 ,0.37 ,4.00 ,1.43 ,1.00 ,688
2022-06-16,20.46 ,79.00 ,0.87 ,5.00 ,4.46 ,1.00 ,573.5
2022-06-17,22.25 ,75.75 ,1.19 ,6.00 ,6.25 ,1.00 ,517.5
2022-06-18,23.38 ,79.83 ,0.40 ,7.00 ,7.38 ,1.00 ,487
2022-06-19,23.42 ,81.21 ,0.34 ,1.00 ,7.42 ,1.00 ,182
2022-06-20,25.08 ,76.42 ,0.84 ,2.00 ,9.08 ,0.00 ,182
2022-06-21,26.53 ,72.63 ,1.93 ,3.00 ,10.53 ,1.00 ,858
2022-06-22,25.85 ,70.58 ,1.49 ,4.00 ,9.85 ,1.00 ,941.5
2022-06-23,24.38 ,87.46 ,0.23 ,5.00 ,8.38 ,1.00 ,896
2022-06-24,22.85 ,91.33 ,0.57 ,6.00 ,6.85 ,1.00 ,1013.5
2022-06-25,25.63 ,80.54 ,1.17 ,7.00 ,9.63 ,1.00 ,1003
2022-06-26,26.35 ,82.75 ,0.20 ,1.00 ,10.35 ,1.00 ,848
2022-06-27,26.69 ,84.96 ,0.32 ,2.00 ,10.69 ,0.00 ,214.5
2022-06-28,27.14 ,80.25 ,0.22 ,3.00 ,11.14 ,1.00 ,962.5
2022-06-29,25.20 ,94.83 ,0.20 ,4.00 ,9.20 ,1.00 ,1006.5
2022-06-30,22.50 ,99.58 ,0.16 ,5.00 ,6.50 ,1.00 ,870.5
2022-07-01,26.36 ,83.83 ,1.44 ,6.00 ,10.36 ,1.00 ,1173
2022-07-02,28.62 ,74.13 ,1.72 ,7.00 ,12.62 ,1.00 ,1080.5
2022-07-03,29.24 ,68.54 ,1.75 ,1.00 ,13.24 ,1.00 ,1016
2022-07-04,29.22 ,71.96 ,0.99 ,2.00 ,13.22 ,0.00 ,900.5
2022-07-05,29.21 ,73.92 ,1.07 ,3.00 ,13.21 ,1.00 ,1082.5
2022-07-06,29.41 ,75.46 ,0.97 ,4.00 ,13.41 ,1.00 ,1154.5
2022-07-07,28.34 ,82.79 ,0.55 ,5.00 ,12.34 ,1.00 ,1145.5
2022-07-08,26.13 ,83.96 ,0.46 ,6.00 ,10.13 ,1.00 ,1012.5
2022-07-09,26.75 ,82.71 ,0.91 ,7.00 ,10.75 ,1.00 ,1074
2022-07-10,29.00 ,70.25 ,1.54 ,1.00 ,13.00 ,1.00 ,1046
2022-07-11,27.04 ,73.83 ,0.92 ,2.00 ,11.04 ,0.00 ,285.5
2022-07-12,26.69 ,73.08 ,0.79 ,3.00 ,10.69 ,1.00 ,1039
2022-07-13,25.15 ,92.21 ,0.08 ,4.00 ,9.15 ,1.00 ,923.5
2022-07-14,25.78 ,85.38 ,1.15 ,5.00 ,9.78 ,1.00 ,1185.5
2022-07-15,26.12 ,76.88 ,1.63 ,6.00 ,10.12 ,1.00 ,1030.5
2022-07-16,25.01 ,82.88 ,0.72 ,7.00 ,9.01 ,1.00 ,1066
2022-07-17,25.35 ,80.17 ,1.12 ,1.00 ,9.35 ,1.00 ,866.5
2022-07-18,26.78 ,75.04 ,1.40 ,2.00 ,10.78 ,0.00 ,1147.5
2022-07-19,27.32 ,73.83 ,1.56 ,3.00 ,11.32 ,1.00 ,1134.5
2022-07-20,27.15 ,75.63 ,1.18 ,4.00 ,11.15 ,1.00 ,1134.5
2022-07-21,23.27 ,87.67 ,0.44 ,5.00 ,7.27 ,1.00 ,1156.5
2022-07-22,25.01 ,81.17 ,0.90 ,6.00 ,9.01 ,1.00 ,1118
2022-07-23,24.93 ,83.58 ,0.61 ,7.00 ,8.93 ,1.00 ,1085
2022-07-24,24.90 ,87.17 ,0.59 ,1.00 ,8.90 ,1.00 ,1027.5
2022-07-25,27.38 ,75.75 ,1.70 ,2.00 ,11.38 ,0.00 ,558.5
2022-07-26,28.78 ,72.25 ,1.49 ,3.00 ,12.78 ,1.00 ,1107.5
2022-07-27,29.36 ,67.50 ,1.31 ,4.00 ,13.36 ,1.00 ,1118.5
2022-07-28,29.54 ,63.33 ,1.68 ,5.00 ,13.54 ,1.00 ,1156.5
2022-07-29,30.61 ,67.96 ,1.35 ,6.00 ,14.61 ,1.00 ,1187
2022-07-30,31.06 ,67.13 ,1.57 ,7.00 ,15.06 ,1.00 ,1265
2022-07-31,27.50 ,84.00 ,0.33 ,1.00 ,11.50 ,1.00 ,1266
2022-08-01,28.34 ,83.54 ,1.01 ,2.00 ,12.34 ,0.00 ,700.5
2022-08-02,27.03 ,88.58 ,0.29 ,3.00 ,11.03 ,1.00 ,1118.5
2022-08-03,27.03 ,90.46 ,0.58 ,4.00 ,11.03 ,1.00 ,1193
2022-08-04,28.90 ,79.88 ,1.48 ,5.00 ,12.90 ,1.00 ,1350
2022-08-05,29.25 ,77.29 ,1.31 ,6.00 ,13.25 ,1.00 ,1065
2022-08-06,28.71 ,84.67 ,0.50 ,7.00 ,12.71 ,1.00 ,1141.5
2022-08-07,28.90 ,82.58 ,0.62 ,1.00 ,12.90 ,1.00 ,1067.5
2022-08-08,26.90 ,90.92 ,0.08 ,2.00 ,10.90 ,0.00 ,366.5
2022-08-09,25.48 ,96.00 ,0.16 ,3.00 ,9.48 ,1.00 ,642
2022-08-10,24.41 ,86.54 ,1.08 ,4.00 ,8.41 ,1.00 ,618.5
2022-08-11,24.91 ,88.08 ,0.59 ,5.00 ,8.91 ,1.00 ,1109.5
2022-08-12,26.90 ,74.79 ,1.66 ,6.00 ,10.90 ,1.00 ,1077
2022-08-13,25.73 ,81.92 ,0.34 ,7.00 ,9.73 ,1.00 ,944.5
2022-08-14,27.53 ,83.00 ,0.93 ,1.00 ,11.53 ,1.00 ,1071
2022-08-15,28.15 ,83.29 ,0.42 ,2.00 ,12.15 ,0.00 ,1077.5
2022-08-16,26.87 ,75.17 ,1.56 ,3.00 ,10.87 ,1.00 ,1095
2022-08-17,26.13 ,76.88 ,1.14 ,4.00 ,10.13 ,1.00 ,1099
2022-08-18,25.45 ,76.08 ,0.84 ,5.00 ,9.45 ,1.00 ,1030.5
2022-08-19,25.66 ,85.13 ,0.37 ,6.00 ,9.66 ,1.00 ,1067
2022-08-20,28.19 ,80.88 ,1.58 ,7.00 ,12.19 ,1.00 ,1067
2022-08-21,28.08 ,75.04 ,1.09 ,1.00 ,12.08 ,1.00 ,1077
2022-08-22,27.14 ,75.46 ,0.78 ,2.00 ,11.14 ,0.00 ,237.5
2022-08-23,25.36 ,76.88 ,1.36 ,3.00 ,9.36 ,1.00 ,1130
2022-08-24,24.73 ,66.67 ,0.82 ,4.00 ,8.73 ,1.00 ,1086
2022-08-25,22.41 ,78.42 ,0.30 ,5.00 ,6.41 ,1.00 ,1015.5
2022-08-26,23.60 ,75.38 ,1.33 ,6.00 ,7.60 ,1.00 ,948
2022-08-27,21.71 ,63.88 ,1.81 ,7.00 ,5.71 ,1.00 ,780
2022-08-28,22.35 ,59.54 ,1.64 ,1.00 ,6.35 ,1.00 ,768.5
2022-08-29,21.12 ,74.29 ,0.43 ,2.00 ,5.12 ,0.00 ,208.5
2022-08-30,19.15 ,94.42 ,0.22 ,3.00 ,3.15 ,1.00 ,671.5
2022-08-31,21.63 ,84.33 ,0.74 ,4.00 ,5.63 ,1.00 ,927
2022-09-01,23.86 ,72.50 ,1.79 ,5.00 ,7.86 ,1.00 ,1487.5
2022-09-02,24.67 ,63.25 ,1.75 ,6.00 ,8.67 ,1.00 ,-23.5
2022-09-03,24.04 ,62.58 ,1.26 ,7.00 ,8.04 ,1.00 ,894.5
2022-09-04,22.25 ,86.17 ,0.27 ,1.00 ,6.25 ,1.00 ,445.5
2022-09-05,19.61 ,96.08 ,0.12 ,2.00 ,3.61 ,0.00 ,144.5
2022-09-06,20.75 ,79.13 ,1.60 ,3.00 ,4.75 ,1.00 ,536.5
2022-09-07,22.80 ,65.88 ,1.88 ,4.00 ,6.80 ,1.00 ,718
2022-09-08,23.00 ,66.04 ,1.84 ,5.00 ,7.00 ,1.00 ,782.5
2022-09-09,24.32 ,61.54 ,1.84 ,6.00 ,8.32 ,1.00 ,158.5
2022-09-10,23.53 ,51.00 ,1.44 ,7.00 ,7.53 ,1.00 ,161.5
2022-09-11,23.38 ,67.79 ,0.79 ,1.00 ,7.38 ,1.00 ,162
2022-09-12,23.78 ,75.75 ,1.01 ,2.00 ,7.78 ,0.00 ,402
2022-09-13,24.20 ,74.04 ,0.57 ,3.00 ,8.20 ,1.00 ,834
2022-09-14,24.65 ,57.38 ,0.78 ,4.00 ,8.65 ,1.00 ,848
2022-09-15,25.05 ,65.96 ,0.95 ,5.00 ,9.05 ,1.00 ,916
2022-09-16,25.83 ,77.21 ,0.80 ,6.00 ,9.83 ,1.00 ,879
2022-09-17,25.51 ,84.08 ,0.87 ,7.00 ,9.51 ,1.00 ,990
2022-09-18,26.91 ,75.96 ,1.22 ,1.00 ,10.91 ,1.00 ,230.5
2022-09-19,25.13 ,64.08 ,1.43 ,2.00 ,9.13 ,0.00 ,789.5
2022-09-20,20.06 ,57.13 ,1.46 ,3.00 ,4.06 ,1.00 ,789.5
2022-09-21,19.31 ,56.88 ,1.71 ,4.00 ,3.31 ,1.00 ,695.5
2022-09-22,19.58 ,60.33 ,1.38 ,5.00 ,3.58 ,1.00 ,538.5
2022-09-23,18.04 ,67.00 ,1.27 ,6.00 ,2.04 ,1.00 ,566
2022-09-24,18.13 ,64.46 ,1.67 ,7.00 ,2.13 ,1.00 ,569
2022-09-25,19.71 ,64.04 ,1.38 ,1.00 ,3.71 ,1.00 ,509.5
2022-09-26,19.90 ,59.08 ,1.42 ,2.00 ,3.90 ,0.00 ,366.5
2022-09-27,20.71 ,60.42 ,1.63 ,3.00 ,4.71 ,1.00 ,525
2022-09-28,20.38 ,69.63 ,0.96 ,4.00 ,4.38 ,1.00 ,526.5
2022-09-29,20.51 ,73.42 ,1.34 ,5.00 ,4.51 ,1.00 ,517
2022-09-30,20.75 ,68.92 ,1.48 ,6.00 ,4.75 ,1.00 ,540
2022-10-01,20.79 ,64.08 ,1.33 ,7.00 ,4.79 ,1.00 ,458
2022-10-02,19.54 ,76.29 ,0.29 ,1.00 ,3.54 ,1.00 ,485
2022-10-03,20.85 ,98.21 ,0.08 ,2.00 ,4.85 ,0.00 ,167
2022-10-04,18.52 ,84.83 ,0.50 ,3.00 ,2.52 ,1.00 ,470
2022-10-05,16.58 ,73.63 ,1.20 ,4.00 ,0.58 ,1.00 ,475
2022-10-06,15.68 ,76.83 ,0.60 ,5.00 ,-0.32 ,1.00 ,533
2022-10-07,14.55 ,70.42 ,1.16 ,6.00 ,-1.45 ,1.00 ,458
2022-10-08,15.48 ,65.17 ,1.42 ,7.00 ,-0.52 ,1.00 ,421
2022-10-09,13.40 ,83.46 ,0.18 ,1.00 ,-2.60 ,1.00 ,422.5
2022-10-10,9.95 ,74.88 ,0.72 ,2.00 ,-6.05 ,0.00 ,153
2022-10-11,11.08 ,68.71 ,1.44 ,3.00 ,-4.92 ,1.00 ,381.5
2022-10-12,13.27 ,68.96 ,1.51 ,4.00 ,-2.73 ,1.00 ,453.5
2022-10-13,16.12 ,69.54 ,1.50 ,5.00 ,0.12 ,1.00 ,466
2022-10-14,16.86 ,73.54 ,1.13 ,6.00 ,0.86 ,1.00 ,453
2022-10-15,18.00 ,69.08 ,1.35 ,7.00 ,2.00 ,1.00 ,405.5
2022-10-16,17.02 ,73.67 ,0.51 ,1.00 ,1.02 ,1.00 ,141.5
2022-10-17,11.76 ,51.63 ,1.57 ,2.00 ,-4.24 ,0.00 ,430.5
2022-10-18,9.38 ,52.96 ,1.52 ,3.00 ,-6.62 ,1.00 ,443.5
2022-10-19,10.27 ,55.96 ,1.48 ,4.00 ,-5.73 ,1.00 ,469.5
2022-10-20,12.59 ,64.50 ,1.43 ,5.00 ,-3.41 ,1.00 ,469.5
2022-10-21,14.05 ,67.25 ,1.26 ,6.00 ,-1.95 ,1.00 ,472.5
2022-10-22,14.87 ,75.67 ,1.24 ,7.00 ,-1.13 ,1.00 ,443.5
2022-10-23,14.37 ,66.96 ,1.17 ,1.00 ,-1.63 ,1.00 ,505
2022-10-24,10.87 ,52.38 ,1.41 ,2.00 ,-5.13 ,0.00 ,252.5
2022-10-25,11.16 ,55.21 ,1.36 ,3.00 ,-4.84 ,1.00 ,422
2022-10-26,12.55 ,59.00 ,1.06 ,4.00 ,-3.45 ,1.00 ,396.5
2022-10-27,13.28 ,69.13 ,1.19 ,5.00 ,-2.72 ,1.00 ,421
2022-10-28,13.59 ,70.96 ,1.20 ,6.00 ,-2.41 ,1.00 ,417.5
2022-10-29,14.78 ,65.21 ,1.22 ,7.00 ,-1.22 ,1.00 ,444.5
2022-10-30,14.80 ,65.33 ,1.14 ,1.00 ,-1.20 ,1.00 ,428.5
2022-10-31,14.91 ,68.33 ,1.10 ,2.00 ,-1.09 ,0.00 ,300
2022-11-01,13.50 ,75.83 ,0.79 ,3.00 ,-2.50 ,1.00 ,522.5
2022-11-02,11.04 ,56.67 ,1.29 ,4.00 ,-4.96 ,1.00 ,426
2022-11-03,9.66 ,58.75 ,0.45 ,5.00 ,-6.34 ,1.00 ,471
2022-11-04,5.19 ,41.96 ,1.42 ,6.00 ,-10.81 ,1.00 ,454.5
2022-11-05,6.32 ,49.46 ,1.37 ,7.00 ,-9.68 ,1.00 ,443
2022-11-06,9.43 ,60.92 ,1.29 ,1.00 ,-6.57 ,1.00 ,431.5
2022-11-07,10.97 ,64.17 ,0.76 ,2.00 ,-5.03 ,0.00 ,290.5
2022-11-08,13.13 ,67.38 ,1.05 ,3.00 ,-2.87 ,1.00 ,466.5
2022-11-09,11.23 ,76.38 ,0.89 ,4.00 ,-4.77 ,1.00 ,455.5
2022-11-10,13.51 ,74.67 ,0.96 ,5.00 ,-2.49 ,1.00 ,500.5
2022-11-11,15.49 ,62.83 ,1.07 ,6.00 ,-0.51 ,1.00 ,521.5
2022-11-12,16.07 ,76.67 ,0.63 ,7.00 ,0.07 ,1.00 ,325.5
2022-11-13,11.01 ,85.75 ,0.33 ,1.00 ,-4.99 ,1.00 ,390
2022-11-14,10.00 ,75.71 ,0.75 ,2.00 ,-6.00 ,0.00 ,147.5
2022-11-15,7.99 ,74.00 ,0.63 ,3.00 ,-8.01 ,1.00 ,432
2022-11-16,8.53 ,72.54 ,1.10 ,4.00 ,-7.47 ,1.00 ,417
2022-11-17,10.12 ,64.83 ,1.04 ,5.00 ,-5.88 ,1.00 ,406
2022-11-18,10.92 ,68.67 ,1.10 ,6.00 ,-5.08 ,1.00 ,389.5
2022-11-19,12.85 ,56.75 ,1.05 ,7.00 ,-3.15 ,1.00 ,390
2022-11-20,13.73 ,57.83 ,1.08 ,1.00 ,-2.27 ,1.00 ,390
2022-11-21,12.03 ,68.13 ,0.58 ,2.00 ,-3.97 ,0.00 ,140.5
2022-11-22,10.65 ,70.75 ,0.50 ,3.00 ,-5.35 ,1.00 ,471
2022-11-23,11.16 ,57.67 ,1.05 ,4.00 ,-4.84 ,1.00 ,449
2022-11-24,9.28 ,64.04 ,0.85 ,5.00 ,-6.73 ,1.00 ,425.5
2022-11-25,11.87 ,66.08 ,0.97 ,6.00 ,-4.13 ,1.00 ,422
2022-11-26,7.61 ,55.75 ,1.07 ,7.00 ,-8.39 ,1.00 ,383.5
2022-11-27,4.93 ,43.96 ,0.92 ,1.00 ,-11.07 ,1.00 ,375
2022-11-28,11.78 ,59.88 ,0.35 ,2.00 ,-4.23 ,0.00 ,162
2022-11-29,8.25 ,71.58 ,0.49 ,3.00 ,-7.75 ,1.00 ,443.5
2022-11-30,-4.91 ,47.92 ,1.11 ,4.00 ,-20.91 ,1.00 ,433
2022-12-01,-5.39 ,43.00 ,0.93 ,5.00 ,-21.39 ,1.00 ,417.5
2022-12-02,-2.94 ,43.21 ,1.08 ,6.00 ,-18.94 ,1.00 ,389
2022-12-03,2.21 ,70.25 ,0.57 ,7.00 ,-13.79 ,1.00 ,362.5
2022-12-04,-3.06 ,39.96 ,0.56 ,1.00 ,-19.06 ,1.00 ,347.5
2022-12-05,-3.25 ,41.25 ,1.07 ,2.00 ,-19.25 ,0.00 ,234
2022-12-06,0.49 ,62.25 ,0.83 ,3.00 ,-15.51 ,1.00 ,304.5
2022-12-07,4.88 ,60.42 ,0.90 ,4.00 ,-11.13 ,1.00 ,297
2022-12-08,3.92 ,56.92 ,0.91 ,5.00 ,-12.08 ,1.00 ,289
2022-12-09,4.59 ,61.79 ,0.66 ,6.00 ,-11.41 ,1.00 ,375.5
2022-12-10,2.51 ,46.75 ,0.61 ,7.00 ,-13.49 ,1.00 ,728
2022-12-11,1.80 ,51.92 ,1.01 ,1.00 ,-14.20 ,1.00 ,781
2022-12-12,1.76 ,70.96 ,0.46 ,2.00 ,-14.24 ,0.00 ,794.5
2022-12-13,0.81 ,72.13 ,0.44 ,3.00 ,-15.19 ,1.00 ,690.5
2022-12-14,-8.15 ,49.54 ,1.04 ,4.00 ,-24.15 ,1.00 ,699
2022-12-15,-4.72 ,78.42 ,0.20 ,5.00 ,-20.72 ,1.00 ,663.5
2022-12-16,-6.20 ,57.92 ,0.95 ,6.00 ,-22.20 ,1.00 ,760
2022-12-17,-6.68 ,53.25 ,0.95 ,7.00 ,-22.68 ,1.00 ,626
2022-12-18,-9.33 ,47.29 ,1.04 ,1.00 ,-25.33 ,1.00 ,487
2022-12-19,-7.38 ,55.63 ,0.81 ,2.00 ,-23.38 ,0.00 ,666
2022-12-20,-3.67 ,55.83 ,0.92 ,3.00 ,-19.67 ,1.00 ,666
2022-12-21,0.09 ,81.67 ,0.23 ,4.00 ,-15.91 ,1.00 ,733.5
2022-12-22,-7.13 ,61.50 ,0.91 ,5.00 ,-23.13 ,1.00 ,559
2022-12-23,-11.71 ,59.79 ,0.98 ,6.00 ,-27.71 ,1.00 ,770
2022-12-24,-8.69 ,55.29 ,0.99 ,7.00 ,-24.69 ,1.00 ,746.5
2022-12-25,-5.56 ,65.08 ,0.99 ,1.00 ,-21.56 ,1.00 ,615
2022-12-26,-3.98 ,68.00 ,0.75 ,2.00 ,-19.98 ,0.00 ,313
2022-12-27,-2.64 ,69.21 ,0.93 ,3.00 ,-18.64 ,1.00 ,683.5
2022-12-28,-2.92 ,58.92 ,0.99 ,4.00 ,-18.92 ,1.00 ,602.5
2022-12-29,-3.30 ,54.38 ,0.99 ,5.00 ,-19.30 ,1.00 ,585.5
2022-12-30,-1.38 ,65.71 ,0.99 ,6.00 ,-17.38 ,1.00 ,575
2022-12-31,-1.65 ,65.71 ,0.38 ,7.00 ,-17.65 ,1.00 ,472
